{"_wandb":{"runtime":236},"test_metric":0.780834931617344,"_timestamp":1.7400222083113494e+09,"_runtime":236.719549476,"_step":0}
